{
    "PHR_10": 0.3070136744596383,
    "PHR_20": 0.3882223202470225,
    "PHR_30": 0.44084693427437144,
    "PHR_40": 0.48376709307454785,
    "ndcg_10": 0.18253707885742188,
    "ndcg_20": 0.2031758725643158,
    "ndcg_30": 0.21453751623630524,
    "ndcg_40": 0.2227811962366104,
    "recall_10": 0.3009977340698242,
    "recall_20": 0.3821243941783905,
    "recall_30": 0.4348507821559906,
    "recall_40": 0.4770970046520233
}